{
    "_vcs_unit__3449785034": [
        "_vcs_unit__3449785034",
        "S0Fna",
        "module",
        1
    ],
    "std": [
        "std",
        "reYIK",
        "module",
        2
    ],
    "memory": [
        "memory",
        "DhPSm",
        "module",
        3
    ],
    "mem_intf": [
        "mem_intf",
        "DKk83",
        "module",
        4
    ],
    "mem_top": [
        "mem_top",
        "IcnFZ",
        "module",
        5
    ],
    "...MASTER...": [
        "SIM",
        "amcQw",
        "module",
        6
    ]
}